epoch,time,train/box_loss,train/cls_loss,train/dfl_loss,metrics/precision(B),metrics/recall(B),metrics/mAP50(B),metrics/mAP50-95(B),val/box_loss,val/cls_loss,val/dfl_loss,lr/pg0,lr/pg1,lr/pg2
1,8.64347,1.93266,3.95395,1.47975,0,0,0,0,3.52688,4.17489,1.23805,1.429e-05,1.429e-05,1.429e-05
2,16.0698,1.96601,3.91197,1.49179,0,0,0,0,3.47301,4.16232,1.20947,4.24456e-05,4.24456e-05,4.24456e-05
3,23.3811,1.72339,3.86227,1.39696,0,0,0,0,3.45033,4.15377,1.20699,7.00353e-05,7.00353e-05,7.00353e-05
4,29.8318,1.74241,3.88408,1.45393,0,0,0,0,3.5533,4.12509,1.23056,9.70591e-05,9.70591e-05,9.70591e-05
5,36.3127,1.72047,3.79991,1.29235,0,0,0,0,3.69873,4.08555,1.24268,0.000123517,0.000123517,0.000123517
6,43.0103,1.65171,3.61172,1.17887,0,0,0,0,3.63931,4.0502,1.19559,0.000149409,0.000149409,0.000149409
7,49.9503,1.51749,3.46292,1.15377,0,0,0,0,3.67921,4.04517,1.20155,0.000174735,0.000174735,0.000174735
8,56.8329,1.70654,3.51703,1.18049,0,0,0,0,3.73407,4.05551,1.21573,0.000199496,0.000199496,0.000199496
9,63.8012,1.65039,3.24965,1.16008,0.01434,0.01212,0.00051,0.00019,3.73046,4.06142,1.21513,0.00022369,0.00022369,0.00022369
10,70.6623,1.70623,3.10563,1.22251,0.01754,0.01515,0.0009,0.00033,3.75584,4.06158,1.22725,0.000247318,0.000247318,0.000247318
11,77.0162,1.75929,2.93207,1.22306,0.01603,0.01515,0.00101,0.00044,3.79543,4.04053,1.24235,0.000270381,0.000270381,0.000270381
12,83.3649,1.65661,2.97838,1.18656,0.0198,0.01818,0.00115,0.00036,3.93009,4.01686,1.28837,0.000292878,0.000292878,0.000292878
13,89.5934,1.66487,2.9745,1.17546,0.0198,0.01818,0.00113,0.00029,4.03304,4.0009,1.33075,0.000314809,0.000314809,0.000314809
14,96.117,1.70261,2.91985,1.18517,0.01641,0.02193,0.00059,9e-05,3.85601,3.98452,1.2647,0.000336174,0.000336174,0.000336174
15,102.888,1.7583,2.54185,1.16097,0.01784,0.02193,0.00065,0.00015,3.55573,3.97302,1.15071,0.000356973,0.000356973,0.000356973
16,109.503,2.03972,2.6713,1.45154,0.02045,0.02193,0.00073,0.00013,3.34577,3.98767,1.09553,0.000377206,0.000377206,0.000377206
17,116.003,1.74189,2.8231,1.15861,0.01723,0.01889,0.00045,9e-05,3.38097,3.99352,1.10548,0.000396873,0.000396873,0.000396873
18,122.414,1.85659,2.45773,1.28561,0.0119,0.00606,0.0002,8e-05,3.67421,3.98171,1.19477,0.000415975,0.000415975,0.000415975
19,128.984,1.60008,2.61186,1.20846,0.00513,0.00303,3e-05,1e-05,4.16053,3.96354,1.38417,0.00043451,0.00043451,0.00043451
20,135.268,1.61965,2.61287,1.16712,0.00556,0.00303,3e-05,1e-05,4.23472,3.95765,1.42726,0.00045248,0.00045248,0.00045248
21,142.113,1.71358,2.46866,1.16464,0.01333,0.00606,0.0002,4e-05,4.02584,3.95509,1.35195,0.000469884,0.000469884,0.000469884
22,149.173,1.76695,2.16157,1.20166,0.01493,0.00909,0.00038,0.00011,3.63038,3.97146,1.21821,0.000486722,0.000486722,0.000486722
23,155.977,1.70031,2.07889,1.19853,0.02405,0.02121,0.00202,0.0004,3.45795,3.96871,1.16429,0.000502994,0.000502994,0.000502994
24,162.899,1.69091,2.59832,1.1103,0.03023,0.03708,0.00257,0.00062,3.42408,3.95528,1.16291,0.0005187,0.0005187,0.0005187
25,169.617,1.6848,2.1064,1.13904,0.0346,0.04991,0.0034,0.00077,3.51789,3.92908,1.18532,0.00053384,0.00053384,0.00053384
26,176.525,1.69188,1.84056,1.25905,0.02809,0.04385,0.00251,0.00048,3.68021,3.9137,1.24156,0.000548414,0.000548414,0.000548414
27,183.675,1.73281,2.00567,1.2079,0.0253,0.04082,0.00213,0.00041,3.78681,3.88434,1.28375,0.000562423,0.000562423,0.000562423
28,190.57,1.61866,1.70262,1.1409,0.0253,0.04082,0.00213,0.00041,3.78681,3.88434,1.28375,0.000575866,0.000575866,0.000575866
29,197.556,1.6283,1.65002,1.16191,0.02746,0.04385,0.00253,0.00055,3.63256,3.87063,1.23651,0.000588742,0.000588742,0.000588742
30,204.491,1.75763,1.75251,1.17989,0.02616,0.04082,0.00212,0.00052,3.40171,3.85564,1.15417,0.000601053,0.000601053,0.000601053
31,212.238,1.65836,1.54124,1.13515,0.02616,0.04082,0.00212,0.00052,3.40171,3.85564,1.15417,0.000612798,0.000612798,0.000612798
32,219.492,1.6658,1.6315,1.15185,0.03829,0.05294,0.00392,0.00083,3.21255,3.80123,1.0989,0.000623977,0.000623977,0.000623977
33,226.588,1.65313,1.51687,1.16404,0.04921,0.06809,0.00772,0.002,3.24086,3.72193,1.10159,0.00063459,0.00063459,0.00063459
34,234.019,1.70994,1.41174,1.19193,0.04921,0.06809,0.00772,0.002,3.24086,3.72193,1.10159,0.000644638,0.000644638,0.000644638
35,241.168,1.76174,1.63051,1.14061,0.05827,0.08253,0.0144,0.00375,3.33799,3.59647,1.1336,0.000654119,0.000654119,0.000654119
36,248.084,1.82832,1.66631,1.36763,0.06024,0.09091,0.0173,0.00456,3.43833,3.48924,1.17022,0.000663035,0.000663035,0.000663035
37,255.076,1.68736,1.55361,1.18208,0.06024,0.09091,0.0173,0.00456,3.43833,3.48924,1.17022,0.000671384,0.000671384,0.000671384
38,262.046,1.60927,1.75468,1.19707,0.05967,0.08788,0.01765,0.00493,3.32782,3.47546,1.13794,0.000679168,0.000679168,0.000679168
39,269.075,1.59028,1.40459,1.12883,0.05907,0.08485,0.01783,0.00564,3.18637,3.52483,1.08587,0.000686386,0.000686386,0.000686386
40,275.447,1.57164,1.46753,1.2085,0.05907,0.08485,0.01783,0.00564,3.18637,3.52483,1.08587,0.000693038,0.000693038,0.000693038
41,282.742,1.65944,1.66828,1.21386,0.06042,0.08556,0.01469,0.00453,3.16222,3.53899,1.0584,0.000699124,0.000699124,0.000699124
42,290.307,1.57772,1.30688,1.17556,0.06818,0.09768,0.02111,0.00633,3.13367,3.46303,1.04597,0.000704644,0.000704644,0.000704644
43,297.698,1.60203,1.42068,1.14666,0.06818,0.09768,0.02111,0.00633,3.13367,3.46303,1.04597,0.000709599,0.000709599,0.000709599
44,304.183,1.51322,1.26132,1.22426,0.06814,0.10071,0.03789,0.01245,3.14914,3.37272,1.05354,0.000713987,0.000713987,0.000713987
45,312.095,1.60381,1.25331,1.13938,0.06814,0.10071,0.03789,0.01245,3.14914,3.37272,1.05354,0.00071781,0.00071781,0.00071781
46,319.354,1.56301,1.2563,1.17452,0.06942,0.10071,0.05431,0.01573,3.14746,3.27929,1.05863,0.000721066,0.000721066,0.000721066
47,326.314,1.52887,1.22685,1.10044,0.06942,0.10071,0.05431,0.01573,3.14746,3.27929,1.05863,0.000723757,0.000723757,0.000723757
48,333.834,1.4122,1.19883,1.13571,0.08188,0.14688,0.06362,0.01844,3.17775,3.28363,1.06722,0.000725882,0.000725882,0.000725882
49,340.934,1.54005,1.21189,1.12093,0.08188,0.14688,0.06362,0.01844,3.17775,3.28363,1.06722,0.000727441,0.000727441,0.000727441
50,349.019,1.60033,1.2267,1.20308,0.09094,0.15668,0.07652,0.02513,3.1584,3.11615,1.04856,0.000728434,0.000728434,0.000728434
51,356.782,1.57216,1.13691,1.21522,0.09094,0.15668,0.07652,0.02513,3.1584,3.11615,1.04856,0.000721645,0.000721645,0.000721645
52,363.974,1.62077,1.1857,1.18746,0.21917,0.24652,0.09706,0.02924,3.12315,2.85903,1.02805,0.000707498,0.000707498,0.000707498
53,370.967,1.53689,1.19046,1.16834,0.21917,0.24652,0.09706,0.02924,3.12315,2.85903,1.02805,0.000693351,0.000693351,0.000693351
54,377.772,1.38885,1.14406,1.11618,0.24633,0.22068,0.06524,0.01908,3.09023,2.70568,1.02522,0.000679204,0.000679204,0.000679204
55,384.905,1.69357,1.19507,1.19406,0.24633,0.22068,0.06524,0.01908,3.09023,2.70568,1.02522,0.000665057,0.000665057,0.000665057
56,392.341,1.48041,1.0922,1.14307,0.22348,0.31996,0.07322,0.02089,3.08411,2.63079,1.03926,0.000650909,0.000650909,0.000650909
57,399.049,1.51061,1.28455,1.17296,0.22348,0.31996,0.07322,0.02089,3.08411,2.63079,1.03926,0.000636762,0.000636762,0.000636762
58,405.702,1.56827,1.18363,1.23181,0.18306,0.26791,0.07716,0.0251,3.1146,2.5409,1.06297,0.000622615,0.000622615,0.000622615
59,412.756,1.5415,1.09542,1.14513,0.18306,0.26791,0.07716,0.0251,3.1146,2.5409,1.06297,0.000608468,0.000608468,0.000608468
60,419.391,1.43827,1.24785,1.12583,0.16556,0.28538,0.08433,0.0286,3.15587,2.37933,1.07328,0.000594321,0.000594321,0.000594321
61,426.524,1.55525,1.21425,1.1163,0.16556,0.28538,0.08433,0.0286,3.15587,2.37933,1.07328,0.000580174,0.000580174,0.000580174
62,433.114,1.45479,1.15262,1.12983,0.15871,0.29822,0.08624,0.02781,3.26665,2.22232,1.10347,0.000566027,0.000566027,0.000566027
63,439.841,1.46189,0.99716,1.1467,0.15871,0.29822,0.08624,0.02781,3.26665,2.22232,1.10347,0.00055188,0.00055188,0.00055188
64,446.378,1.47659,0.9999,1.12735,0.17588,0.24902,0.07596,0.02199,3.44323,2.24214,1.14059,0.000537733,0.000537733,0.000537733
65,453.124,1.47709,1.089,1.15115,0.17588,0.24902,0.07596,0.02199,3.44323,2.24214,1.14059,0.000523586,0.000523586,0.000523586
66,460.359,1.50985,1.10027,1.23841,0.22158,0.18146,0.0578,0.01819,3.35714,2.47138,1.11186,0.000509438,0.000509438,0.000509438
67,467.748,1.62254,1.0859,1.16111,0.22158,0.18146,0.0578,0.01819,3.35714,2.47138,1.11186,0.000495291,0.000495291,0.000495291
68,474.827,1.57092,1.00961,1.12585,0.27783,0.18592,0.07556,0.02729,3.12785,2.57302,1.05403,0.000481144,0.000481144,0.000481144
69,481.921,1.56252,1.12066,1.14291,0.27783,0.18592,0.07556,0.02729,3.12785,2.57302,1.05403,0.000466997,0.000466997,0.000466997
70,488.72,1.51882,1.17331,1.1547,0.23297,0.2057,0.08945,0.03107,3.00773,2.45935,1.0174,0.00045285,0.00045285,0.00045285
71,495.829,1.45655,0.99034,1.13174,0.23297,0.2057,0.08945,0.03107,3.00773,2.45935,1.0174,0.000438703,0.000438703,0.000438703
72,503.187,1.48572,1.01993,1.14144,0.21545,0.28895,0.1155,0.03827,3.01249,2.33681,1.01566,0.000424556,0.000424556,0.000424556
73,510.077,1.46957,0.98263,1.11584,0.21545,0.28895,0.1155,0.03827,3.01249,2.33681,1.01566,0.000410409,0.000410409,0.000410409
74,517.233,1.61407,1.18099,1.30836,0.19142,0.32995,0.13479,0.04549,3.03598,2.15619,1.02378,0.000396262,0.000396262,0.000396262
75,523.867,1.42597,1.01766,1.1227,0.19142,0.32995,0.13479,0.04549,3.03598,2.15619,1.02378,0.000382115,0.000382115,0.000382115
76,531.046,1.43232,0.96845,1.11509,0.21356,0.28378,0.13953,0.04616,3.08027,2.01253,1.03399,0.000367967,0.000367967,0.000367967
77,537.896,1.35714,0.94654,1.10603,0.21356,0.28378,0.13953,0.04616,3.08027,2.01253,1.03399,0.00035382,0.00035382,0.00035382
78,545.073,1.41156,1.02764,1.11187,0.20176,0.34884,0.15347,0.05015,3.05988,1.94811,1.02982,0.000339673,0.000339673,0.000339673
79,552.934,1.55041,1.04899,1.12525,0.20176,0.34884,0.15347,0.05015,3.05988,1.94811,1.02982,0.000325526,0.000325526,0.000325526
80,560.063,1.55861,1.04114,1.10052,0.20203,0.26649,0.15418,0.05141,3.03053,1.91815,1.01888,0.000311379,0.000311379,0.000311379
81,567.018,1.39087,1.14599,1.13464,0.20203,0.26649,0.15418,0.05141,3.03053,1.91815,1.01888,0.000297232,0.000297232,0.000297232
82,574.423,1.55805,1.07363,1.26564,0.28299,0.218,0.15757,0.05943,3.03295,1.95456,1.01744,0.000283085,0.000283085,0.000283085
83,580.943,1.35996,0.96795,1.17222,0.28299,0.218,0.15757,0.05943,3.03295,1.95456,1.01744,0.000268938,0.000268938,0.000268938
84,589.017,1.48261,0.98342,1.06618,0.25054,0.218,0.16236,0.06079,3.03493,2.008,1.01497,0.000254791,0.000254791,0.000254791
85,596.098,1.40029,1.01875,1.12229,0.25054,0.218,0.16236,0.06079,3.03493,2.008,1.01497,0.000240644,0.000240644,0.000240644
86,602.948,1.42587,0.9829,1.14507,0.39152,0.20431,0.17874,0.07109,3.03607,2.0337,1.01287,0.000226497,0.000226497,0.000226497
87,610.369,1.40028,0.96849,1.07842,0.39152,0.20431,0.17874,0.07109,3.03607,2.0337,1.01287,0.000212349,0.000212349,0.000212349
88,617.392,1.34955,1.08725,1.06473,0.42297,0.19679,0.17192,0.06644,3.02924,2.08712,1.0108,0.000198202,0.000198202,0.000198202
89,624.507,1.44057,1.06317,1.18961,0.42297,0.19679,0.17192,0.06644,3.02924,2.08712,1.0108,0.000184055,0.000184055,0.000184055
90,631.744,1.40032,0.95314,1.09229,0.41003,0.21768,0.17537,0.06622,3.01917,2.07999,1.00871,0.000169908,0.000169908,0.000169908
91,638.666,1.40549,1.00276,1.12895,0.41003,0.21768,0.17537,0.06622,3.01917,2.07999,1.00871,0.000155761,0.000155761,0.000155761
92,645.6,1.63312,2.27446,1.25332,0.37373,0.25045,0.17201,0.06506,3.02724,2.07544,1.0084,0.000141614,0.000141614,0.000141614
93,652.247,1.44621,1.52094,1.16654,0.37373,0.25045,0.17201,0.06506,3.02724,2.07544,1.0084,0.000127467,0.000127467,0.000127467
94,659.04,1.44319,1.47682,1.06161,0.30144,0.29198,0.17334,0.06409,3.02347,2.11565,1.0076,0.00011332,0.00011332,0.00011332
95,665.529,1.39502,1.28261,1.18273,0.30144,0.29198,0.17334,0.06409,3.02347,2.11565,1.0076,9.91726e-05,9.91726e-05,9.91726e-05
96,672.429,1.40173,1.07325,1.15181,0.34312,0.28217,0.17158,0.06388,3.0246,2.21309,1.00969,8.50255e-05,8.50255e-05,8.50255e-05
97,679.106,1.43535,1.02085,1.16655,0.34312,0.28217,0.17158,0.06388,3.0246,2.21309,1.00969,7.08784e-05,7.08784e-05,7.08784e-05
98,685.724,1.33212,1.18164,1.20393,0.47631,0.23904,0.13672,0.0473,3.02885,2.2703,1.01031,5.67313e-05,5.67313e-05,5.67313e-05
99,692.586,1.36349,1.08437,1.13509,0.47631,0.23904,0.13672,0.0473,3.02885,2.2703,1.01031,4.25842e-05,4.25842e-05,4.25842e-05
100,699.463,1.42333,0.96271,1.18453,0.47642,0.22923,0.13651,0.04658,3.03202,2.35269,1.01068,2.84371e-05,2.84371e-05,2.84371e-05
